experiment,true_label,predicted_as,count
phobert_baseline,CLEAN,OFFENSIVE,333
phobert_baseline,HATE,CLEAN,194
phobert_baseline,OFFENSIVE,CLEAN,168
phobert_baseline,HATE,OFFENSIVE,148
phobert_baseline,CLEAN,HATE,108
phobert_baseline,OFFENSIVE,HATE,65
phobert_bt,CLEAN,OFFENSIVE,5172
phobert_bt,HATE,OFFENSIVE,397
phobert_bt,CLEAN,HATE,287
phobert_bt,OFFENSIVE,HATE,75
phobert_combined,CLEAN,OFFENSIVE,677
phobert_combined,CLEAN,HATE,275
phobert_combined,HATE,CLEAN,149
phobert_combined,OFFENSIVE,CLEAN,130
phobert_combined,OFFENSIVE,HATE,129
phobert_combined,HATE,OFFENSIVE,88
phobert_eda,CLEAN,OFFENSIVE,482
phobert_eda,HATE,CLEAN,187
phobert_eda,OFFENSIVE,CLEAN,152
phobert_eda,HATE,OFFENSIVE,139
phobert_eda,CLEAN,HATE,132
phobert_eda,OFFENSIVE,HATE,85
phobert_llm,CLEAN,OFFENSIVE,2992
phobert_llm,CLEAN,HATE,993
phobert_llm,HATE,OFFENSIVE,276
phobert_llm,HATE,CLEAN,212
phobert_llm,OFFENSIVE,CLEAN,133
phobert_llm,OFFENSIVE,HATE,108
visobert_baseline,CLEAN,OFFENSIVE,292
visobert_baseline,HATE,CLEAN,183
visobert_baseline,OFFENSIVE,CLEAN,169
visobert_baseline,CLEAN,HATE,154
visobert_baseline,HATE,OFFENSIVE,148
visobert_baseline,OFFENSIVE,HATE,72
visobert_combined,CLEAN,OFFENSIVE,659
visobert_combined,CLEAN,HATE,310
visobert_combined,HATE,CLEAN,149
visobert_combined,OFFENSIVE,HATE,138
visobert_combined,OFFENSIVE,CLEAN,137
visobert_combined,HATE,OFFENSIVE,62
