text,true_label,predicted_label
Đừng cố biện minh =)))) choi lon,CLEAN,OFFENSIVE
the nay ma chi phat gay roi trat tu cong cong thoi a dung la dan minh,CLEAN,HATE
coin card :3,OFFENSIVE,CLEAN
"Lý khùng thì có,kk",CLEAN,OFFENSIVE
Thay Ngu,HATE,OFFENSIVE
"Đề nghị 17, 22,23,32 đến phà vài hơi vào mẹt tk này để nó đi cách ly thế giới hẳn đi.",HATE,OFFENSIVE
Trần Linh dell hiểu kiểu gì :)),OFFENSIVE,CLEAN
best cà khịa,CLEAN,OFFENSIVE
Nguyễn Thị Thủy chó con chứ dúi đâu ra,CLEAN,HATE
"Chi bà nhiều tiền thì đi làm từ thiện,còn ơ đó nói tục tiểu, giơ bẩn. Làm nhục người vn trên thế giới. Làm bai hoại nền văn hóa vn. Xin yêu các cấp có thẩm quyền vào cuộc sử lý.",CLEAN,HATE
Bà này nói đúng mà     bà đó  đi làm o sin gửi tiền đô về Việt Nam hưởng chứ tiền Việt Nam lam gì có giá trị  tuy bà nói chuyện thô lỗ tí nhưng mà bà nói đúng mà...,CLEAN,OFFENSIVE
Mặt chị nhìn sợ hơn mặt ông kia á 😞,CLEAN,OFFENSIVE
Theo trung cộng đi rồi đến lúc ko còn lợi dụng đc bà sẽ thấy cảnh. Hãy nhớ câu đừng nghe những gì cs nói mà..😂😂😂,HATE,OFFENSIVE
Công an mà muốn xử lý thì 2 ông luật sư này sẽ biến mất ngay lập tức. Chứ chả phải bị đánh giữa đường rồi chụp ảnh máu me post lên mạng rầm rầm đâu,CLEAN,HATE
bán hàng rẻ ko thơm lâu thì nói không thơm lâu . nói hàng fake . mắc j quảng bá làm như tốt lắm .,CLEAN,OFFENSIVE
cái gì cho nó thật tại sao mình là đàn ông biến thành đan bà,CLEAN,OFFENSIVE
"Replay thấy mắc mệt, vote đổi ông edit",CLEAN,OFFENSIVE
Tý nữa Việt Nam mà thắng thì....😌😌,CLEAN,OFFENSIVE
Đem ra bắn ngay cái thể loại ấy,HATE,CLEAN
hóng bro tét đít thằng tùng,CLEAN,OFFENSIVE
kicm lúc này,CLEAN,OFFENSIVE
Lờ ô lờ ôn lờ ôn lôn huyền CHIM:)),CLEAN,OFFENSIVE
Con bóng??,CLEAN,OFFENSIVE
"Mình đừng nói xạo nói láo nv chị k thích z , vì chị là chúa nói xạo rồi",HATE,OFFENSIVE
Bàn tay em đẹp quá. Nhìn chị là đàn bà mà xấu quá..,HATE,CLEAN
Lại thêm một con khoác lác,CLEAN,OFFENSIVE
BGD: “năm học này coi như bỏ”,CLEAN,OFFENSIVE
để xem r sẽ ra cái mặt gì,CLEAN,OFFENSIVE
Nhức óc thật,CLEAN,OFFENSIVE
Tao cạn lời với trường hợp này :)),CLEAN,OFFENSIVE
